{
    "classification_report": {
        "creative": {
            "precision": 1.0,
            "recall": 1.0,
            "f1-score": 1.0,
            "support": 5.0
        },
        "educational": {
            "precision": 1.0,
            "recall": 1.0,
            "f1-score": 1.0,
            "support": 4.0
        },
        "other": {
            "precision": 0.8947368421052632,
            "recall": 0.9444444444444444,
            "f1-score": 0.918918918918919,
            "support": 18.0
        },
        "professional": {
            "precision": 1.0,
            "recall": 1.0,
            "f1-score": 1.0,
            "support": 2.0
        },
        "service": {
            "precision": 0.6666666666666666,
            "recall": 1.0,
            "f1-score": 0.8,
            "support": 2.0
        },
        "technical": {
            "precision": 1.0,
            "recall": 0.8181818181818182,
            "f1-score": 0.9,
            "support": 11.0
        },
        "accuracy": 0.9285714285714286,
        "macro avg": {
            "precision": 0.9269005847953217,
            "recall": 0.9604377104377105,
            "f1-score": 0.9364864864864866,
            "support": 42.0
        },
        "weighted avg": {
            "precision": 0.9390142021720969,
            "recall": 0.9285714285714286,
            "f1-score": 0.9295366795366795,
            "support": 42.0
        }
    },
    "feature_importance": {
        "word_count": 0.028993626655686736,
        "avg_word_length": 0.03564057133398527,
        "analysis_score": 0.011236505765886437,
        "teaching_score": 0.03840414645022778,
        "guidance_score": 0.022200382927364717,
        "creation_score": 0.03798538301510085,
        "programming_score": 0.015432846742603727,
        "web_score": 0.005798376263699966,
        "system_score": 0.004471021180016805,
        "tools_score": 0.002601550294338007,
        "technical_term_ratio": 0.029183720878929717,
        "analysis_pattern_score": 0.002290013783339659,
        "analysis_verb_score": 0.06300937610033515,
        "data_term_score": 0.011962588597500563,
        "quality_term_score": 0.004535990580838592,
        "context_term_score": 0.0077679446692395775,
        "data_analysis_score": 0.001312021778946204,
        "performance_analysis_score": 0.0029479051267222345,
        "quality_analysis_score": 0.0013083584693492475,
        "security_analysis_score": 0.0017020451241764555,
        "act": 0.032956079461368214,
        "advice": 0.017791231797431115,
        "answer": 0.007103828684925571,
        "ask": 0.01237179030411258,
        "audience": 0.002864736142273641,
        "based": 0.007776019013939545,
        "best": 0.012271863392773533,
        "character": 0.000411924028526186,
        "code": 0.0040634226841795695,
        "come": 0.004987523526959065,
        "command": 0.002876841780079552,
        "commands": 0.0018984121834367846,
        "concepts": 0.0018863571008780357,
        "create": 0.009426765474490116,
        "creating": 0.0012004145498533932,
        "creative": 0.0031371557854157814,
        "curly": 0.007488493182368119,
        "dan": 0.0,
        "data": 0.00461798507531083,
        "design": 0.0041084909796354156,
        "detailed": 0.0058542135336353525,
        "details": 0.000966608639526501,
        "develop": 0.0014380368597988265,
        "development": 0.005194415888078579,
        "different": 0.0074900741574372666,
        "end": 0.006364131566458947,
        "engaging": 0.005856257394256604,
        "english": 0.021779311380335578,
        "example": 0.0032852281380876328,
        "examples": 0.009967067552306317,
        "explain": 0.0043770681007168745,
        "explanations": 0.009414432863446256,
        "game": 0.0001465044358657278,
        "generate": 0.004282036087754947,
        "generator": 0.015690542758485724,
        "given": 0.004821191350133619,
        "help": 0.00855298450096071,
        "ideas": 0.0025920314060816946,
        "include": 0.009493614410298829,
        "information": 0.008669864464186688,
        "input": 0.0014325990424189198,
        "inside": 0.004720210585743848,
        "job": 0.021892261374393936,
        "just": 0.001579615920527657,
        "key": 0.002614095531947339,
        "knowledge": 0.002982953142003838,
        "language": 0.004203107705497211,
        "like": 0.006337618803877477,
        "list": 0.011777709673434065,
        "ll": 0.0014746571677583295,
        "make": 0.010506041338662989,
        "need": 0.012608443869847337,
        "new": 0.003388996416547934,
        "order": 0.0024228752088213813,
        "output": 0.0022817645258141513,
        "people": 0.0027309058066212304,
        "plan": 0.003634045020356608,
        "problem": 0.0011478584968468454,
        "project": 0.0039497109785000305,
        "prompt": 0.006327345152291288,
        "provide": 0.03446582950079316,
        "providing": 0.001783465539272335,
        "question": 0.0021847042366140183,
        "questions": 0.008068548848749205,
        "related": 0.004109308108189181,
        "reply": 0.012041947202159661,
        "request": 0.02299182586684707,
        "role": 0.0011011188088976855,
        "sentence": 0.015744976076207014,
        "sentences": 0.017666475957225248,
        "software": 0.003435770710792719,
        "specific": 0.0024377778382822643,
        "step": 0.001434119636606058,
        "steps": 0.0021909209238282538,
        "strategies": 0.008624626206014016,
        "suggest": 0.008238994831874328,
        "suggestion": 0.0034298879861214895,
        "sure": 0.0016731424050983998,
        "table": 0.0,
        "task": 0.0035632016490612295,
        "techniques": 0.004124516210118628,
        "tell": 0.006464290359514629,
        "terminal": 0.005501025037554928,
        "text": 0.017933365408761837,
        "time": 0.003008649789301532,
        "topic": 0.0009173883969684428,
        "topics": 0.0009073506418192116,
        "type": 0.0015846865036456092,
        "understand": 0.0026586055596302433,
        "understanding": 0.006710909799248115,
        "use": 0.0074735776606801516,
        "user": 0.017245794126880827,
        "using": 0.0013404572652822144,
        "various": 0.0030653874487148324,
        "want": 0.035231363175018626,
        "word": 0.00017964325117437066,
        "words": 0.005830311108270808,
        "work": 0.0009732910281920847,
        "world": 0.002999862335534456,
        "write": 0.008390740425045446
    },
    "model_parameters": {
        "bootstrap": true,
        "ccp_alpha": 0.0,
        "class_weight": "balanced",
        "criterion": "gini",
        "max_depth": 10,
        "max_features": "sqrt",
        "max_leaf_nodes": null,
        "max_samples": null,
        "min_impurity_decrease": 0.0,
        "min_samples_leaf": 2,
        "min_samples_split": 5,
        "min_weight_fraction_leaf": 0.0,
        "monotonic_cst": null,
        "n_estimators": 200,
        "n_jobs": null,
        "oob_score": false,
        "random_state": 42,
        "verbose": 0,
        "warm_start": false
    },
    "training_size": 167,
    "test_size": 42,
    "dataset_stats": {
        "total_samples": 209,
        "num_classes": 6,
        "class_distribution": {
            "technical": 55,
            "other": 87,
            "service": 11,
            "educational": 20,
            "creative": 26,
            "professional": 10
        }
    },
    "cross_validation_scores": {
        "scores": [
            0.37142857142857144,
            0.4142857142857143,
            0.30434782608695654
        ],
        "mean": 0.36335403726708076,
        "std": 0.04524366174279333
    }
}